seed,stage,checkpoint_id,mean_score,gsm8k_score,format_following_score,mean_tokens,mean_latency_ms,generation_saturation_rate,mean_delta,ci_lower,ci_upper,permutation_p_value,holm_adjusted_p_value,trajectory_drift,generation_mismatch,selective_aurc,reachability_shift,readout_alignment_gap,prompt_stability_drift,routing_status,projection_status
0,initial,seed-0-initial,0.08854166666666667,0.1328125,0.0,147.33854166666666,8989.084289603246,0.9270833333333334,0.0,0.0,0.0,1.0,1.0,8.395504777981575,0.5729166666666667,0.8712276592736571,0.0,0.5729166666666667,8.395504777981575,insufficient_evidence,not_applicable
0,mid,seed-0-mid,0.17708333333333334,0.265625,0.0,106.52083333333333,6386.887121654581,0.4375,0.088541666667,0.041666666667,0.140755208333,0.00299850075,0.00299850075,8.780186665526992,0.484375,0.7171392806293712,2.23300548067169,0.484375,8.780186665526992,insufficient_evidence,not_applicable
0,final,seed-0-final,0.1875,0.28125,0.0,106.546875,6428.668268257752,0.4114583333333333,0.098958333333,0.052083333333,0.151041666667,0.001499250375,0.001499250375,8.833958673456914,0.47395833333333337,0.7039366323294587,2.3136754482741977,0.47395833333333337,8.833958673456914,insufficient_evidence,not_applicable
1,initial,seed-1-initial,0.08854166666666667,0.1328125,0.0,147.33854166666666,9027.29445140964,0.9270833333333334,0.0,0.0,0.0,1.0,1.0,8.395504777981575,0.5729166666666667,0.8712276592736571,0.0,0.5729166666666667,8.395504777981575,insufficient_evidence,not_applicable
1,mid,seed-1-mid,0.15625,0.234375,0.0,105.53645833333333,6381.212555570528,0.4114583333333333,0.067708333333,0.010416666667,0.125,0.029485257371,0.029485257371,8.774712620848476,0.5052083333333334,0.7351434668648764,2.293188976679468,0.5052083333333334,8.774712620848476,insufficient_evidence,not_applicable
1,final,seed-1-final,0.1875,0.28125,0.0,108.91145833333333,7038.9576111726155,0.4635416666666667,0.098958333333,0.046875,0.151041666667,0.001499250375,0.001499250375,8.817407686890217,0.47395833333333337,0.6632735595475494,2.355936393206073,0.47395833333333337,8.817407686890217,insufficient_evidence,not_applicable
2,initial,seed-2-initial,0.08854166666666667,0.1328125,0.0,147.33854166666666,8875.441511704897,0.9270833333333334,0.0,0.0,0.0,1.0,1.0,8.395504777981575,0.5729166666666667,0.8712276592736571,0.0,0.5729166666666667,8.395504777981575,insufficient_evidence,not_applicable
2,mid,seed-2-mid,0.203125,0.3046875,0.0,106.953125,6399.008143926039,0.4166666666666667,0.114583333333,0.057291666667,0.171875,0.001499250375,0.001499250375,8.747230865879198,0.45833333333333337,0.6689453791063021,1.9973620190466934,0.45833333333333337,8.747230865879198,insufficient_evidence,not_applicable
2,final,seed-2-final,0.20833333333333334,0.3125,0.0,106.546875,6606.991827255115,0.421875,0.119791666667,0.0625,0.177083333333,0.00099950025,0.00099950025,8.826257095839404,0.453125,0.6350866745993844,2.3409801583576955,0.453125,8.826257095839404,insufficient_evidence,not_applicable
