seed,stage,step,checkpoint_id,mean_score,generation_mismatch,selective_aurc,trajectory_drift,format_following_score,mean_tokens,mean_latency_ms,readout_alignment_gap,reachability_shift
0,initial,,seed-0-initial,0.08854166666666667,0.5729166666666667,0.8712276592736571,8.395504777981575,0.0,147.33854166666666,8989.084289603246,0.5729166666666667,0.0
1,initial,,seed-1-initial,0.08854166666666667,0.5729166666666667,0.8712276592736571,8.395504777981575,0.0,147.33854166666666,9027.29445140964,0.5729166666666667,0.0
2,initial,,seed-2-initial,0.08854166666666667,0.5729166666666667,0.8712276592736571,8.395504777981575,0.0,147.33854166666666,8875.441511704897,0.5729166666666667,0.0
0,mid,,seed-0-mid,0.17708333333333334,0.484375,0.7171392806293712,8.780186665526992,0.0,106.52083333333333,6386.887121654581,0.484375,2.23300548067169
1,mid,,seed-1-mid,0.15625,0.5052083333333334,0.7351434668648764,8.774712620848476,0.0,105.53645833333333,6381.212555570528,0.5052083333333334,2.293188976679468
2,mid,,seed-2-mid,0.203125,0.45833333333333337,0.6689453791063021,8.747230865879198,0.0,106.953125,6399.008143926039,0.45833333333333337,1.9973620190466934
0,final,,seed-0-final,0.1875,0.47395833333333337,0.7039366323294587,8.833958673456914,0.0,106.546875,6428.668268257752,0.47395833333333337,2.3136754482741977
1,final,,seed-1-final,0.1875,0.47395833333333337,0.6632735595475494,8.817407686890217,0.0,108.91145833333333,7038.9576111726155,0.47395833333333337,2.355936393206073
2,final,,seed-2-final,0.20833333333333334,0.453125,0.6350866745993844,8.826257095839404,0.0,106.546875,6606.991827255115,0.453125,2.3409801583576955
